{
  "projects": [
    {
      "id": 1,
      "code": "ONE",
      "name": "Project ONE",
      "description": "This is the description of Project ONE",
      "owner_id": 10,
      "owner_name": "James Hansen",
      "category_id": 50,
      "created_date": "07/09/2051",
      "end_date": "2051-10-19T21:00:00.000Z"
    },
    {
      "id": 2,
      "code": "TWO",
      "name": "Project TWO",
      "description": "This is the description of Project TWO",
      "owner_id": 10,
      "owner_name": "James Hansen",
      "category_id": 50,
      "created_date": "24/10/2051",
      "end_date": "2051-11-18T21:00:00.000Z"
    },
    {
      "id": 3,
      "code": "THREE",
      "name": "Project THREE",
      "description": "This is the description of Project THREE",
      "owner_id": 10,
      "owner_name": "James Hansen",
      "category_id": 51,
      "created_date": "29/10/2051",
      "end_date": "2051-11-30T21:00:00.000Z"
    },
    {
      "id": 4,
      "code": "FOUR",
      "name": "Project FOUR",
      "description": "This is the description of Project FOUR",
      "owner_id": 11,
      "owner_name": "Louise Meyer",
      "category_id": 50,
      "created_date": "30/10/2051",
      "end_date": "2051-12-07T21:00:00.000Z"
    },
    {
      "id": 5,
      "code": "FIVE",
      "name": "Project FIVE",
      "description": "This is the description of Project FIVE",
      "owner_id": 11,
      "owner_name": "Louise Meyer",
      "category_id": 52,
      "created_date": "02/10/2051",
      "end_date": "2051-11-15T21:00:00.000Z"
    },
    {
      "id": 6,
      "code": "SIX",
      "name": "Project SIX",
      "description": "This is the description of Project SIX",
      "owner_id": 14,
      "owner_name": "Clyde Dorman",
      "category_id": 53,
      "created_date": "09/11/2051",
      "end_date": "2051-12-22T21:00:00.000Z"
    },
    {
      "id": 7,
      "code": "SEVEN",
      "name": "Project SEVEN",
      "description": "This is the description of Project SEVEN",
      "owner_id": 14,
      "owner_name": "Clyde Dorman",
      "category_id": 53,
      "created_date": "09/12/2051",
      "end_date": "2051-12-22T21:00:00.000Z"
    },
    {
      "id": 8,
      "code": "EIGHT",
      "name": "Project EIGHT",
      "description": "This is the description of Project EIGHT",
      "owner_id": 11,
      "owner_name": "Louise Meyer",
      "category_id": 53,
      "created_date": "09/14/2051",
      "end_date": "2051-12-23T21:00:00.000Z"
    },
    {
      "id": 9,
      "code": "NINE",
      "name": "Project NINE",
      "description": "This is the description of Project NINE",
      "owner_id": 10,
      "owner_name": "James Hansen",
      "category_id": 54,
      "created_date": "09/16/2051",
      "end_date": "2051-12-23T21:00:00.000Z"
    }
  ],
  "tasks": [
    {
      "id": 101,
      "subject": "Task ONE",
      "description": "This is the description of Task ONE",
      "status": "Closed",
      "owner_id": 10,
      "owner_name": "James Hansen",
      "project_id": 1,
      "project_code": "ONE",
      "asignee_id": 10,
      "asignee_name": "James Hansen",
      "created_date": "03/11/2051",
      "start_date": "2051-11-03T21:00:00.000Z",
      "end_date": "2051-11-07T21:00:00.000Z"
    },
    {
      "id": 102,
      "subject": "Task TWO",
      "description": "This is the description of Task TWO",
      "status": "Working",
      "owner_id": 10,
      "owner_name": "James Hansen",
      "project_id": 1,
      "project_code": "ONE",
      "asignee_id": 10,
      "asignee_name": "James Hansen",
      "created_date": "23/11/2051",
      "start_date": "2051-11-01T21:00:00.000Z",
      "end_date": "2051-11-10T21:00:00.000Z"
    },
    {
      "id": 103,
      "subject": "Task THREE 33",
      "description": "This is the description of Task THREE3",
      "status": "New",
      "owner_id": 11,
      "owner_name": "Louise Meyer",
      "project_id": 2,
      "project_code": "TWO",
      "asignee_id": 12,
      "asignee_name": "Todd Fields",
      "created_date": "30/11/2051",
      "start_date": "2051-11-29T21:00:00.000Z",
      "end_date": "2051-12-01T21:00:00.000Z"
    },
    {
      "id": 104,
      "subject": "Task FOUR",
      "description": "This is the description of Task FOUR4",
      "status": "Working",
      "owner_id": 10,
      "owner_name": "James Hansen",
      "project_id": 3,
      "project_code": "THREE",
      "asignee_id": 11,
      "asignee_name": "Louise Meyer",
      "created_date": "05/12/2051",
      "start_date": "2051-12-10T21:00:00.000Z",
      "end_date": "2052-01-10T21:00:00.000Z"
    },
    {
      "id": 105,
      "subject": "Task FIVE",
      "description": "This is the description of Task FIVE",
      "status": "Closed",
      "owner_id": 12,
      "owner_name": "Todd Fields",
      "project_id": 1,
      "project_code": "ONE",
      "asignee_id": 10,
      "asignee_name": "James Hansen",
      "created_date": "12/12/2051",
      "start_date": "2051-12-15T21:00:00.000Z",
      "end_date": "2051-12-25T21:00:00.000Z"
    },
    {
      "id": 106,
      "subject": "Task SIX 666",
      "description": "This is the description of Task SIX",
      "status": "Closed",
      "owner_id": 13,
      "owner_name": "Scott Link",
      "project_id": 4,
      "project_code": "FOUR",
      "asignee_id": 14,
      "asignee_name": "Clyde Dorman",
      "created_date": "15/12/2051",
      "start_date": "2051-12-16T21:00:00.000Z",
      "end_date": "2051-12-17T21:00:00.000Z"
    },
    {
      "id": 107,
      "subject": "Task SEVEN",
      "description": "This is the description of Task SEVEN",
      "status": "Working",
      "owner_id": 13,
      "owner_name": "Scott Link",
      "project_id": 6,
      "project_code": "SIX",
      "asignee_id": 14,
      "asignee_name": "Clyde Dorman",
      "created_date": "23/12/2051",
      "start_date": "2051-12-27T21:00:00.000Z",
      "end_date": "2051-12-31T21:00:00.000Z"
    },
    {
      "id": 108,
      "subject": "Task EIGHT",
      "description": "This is the description of Task EIGHT",
      "status": "New",
      "owner_id": 11,
      "owner_name": "Louise Meyer",
      "project_id": 4,
      "project_code": "FOUR",
      "asignee_id": 10,
      "asignee_name": "James Hansen",
      "created_date": "03/01/2052",
      "start_date": "2052-01-10T21:00:00.000Z",
      "end_date": "2052-01-15T21:00:00.000Z"
    },
    {
      "id": 109,
      "subject": "Task NINE",
      "description": "This is the description of Task NINE",
      "status": "Closed",
      "owner_id": 14,
      "owner_name": "Clyde Dorman",
      "project_id": 5,
      "project_code": "FIVE",
      "asignee_id": 12,
      "asignee_name": "Todd Fields",
      "created_date": "07/01/2052",
      "start_date": "2052-01-10T21:00:00.000Z",
      "end_date": "2052-01-12T21:00:00.000Z"
    },
    {
      "id": 110,
      "subject": "Task TEN",
      "description": "This is the description of Task TEN",
      "status": "New",
      "owner_id": 14,
      "owner_name": "Clyde Dorman",
      "project_id": 2,
      "project_code": "TWO",
      "asignee_id": 10,
      "asignee_name": "James Hansen",
      "created_date": "25/01/2052",
      "start_date": "2052-01-31T21:00:00.000Z",
      "end_date": "2052-02-11T21:00:00.000Z"
    },
    {
      "id": 111,
      "subject": "Task ELEVEN",
      "description": "This is the description of Task ELEVEN",
      "status": "Working",
      "owner_id": 10,
      "owner_name": "James Hansen",
      "project_id": 2,
      "project_code": "TWO",
      "asignee_id": 11,
      "asignee_name": "Louise Meyer",
      "created_date": "29/01/2052",
      "start_date": "2052-02-10T21:00:00.000Z",
      "end_date": "2052-02-12T21:00:00.000Z"
    },
    {
      "id": 112,
      "subject": "Task TWELVE",
      "description": "This is the description of Task TWELVE",
      "status": "New",
      "owner_id": 10,
      "owner_name": "James Hansen",
      "project_id": 1,
      "project_code": "ONE",
      "asignee_id": 14,
      "asignee_name": "Clyde Dorman",
      "created_date": "04/02/2052",
      "start_date": "2052-02-05T21:00:00.000Z",
      "end_date": "2052-03-01T21:00:00.000Z"
    },
    {
      "subject": "QQ",
      "description": "qQ",
      "status": "QQ",
      "id": 113
    },
    {
      "subject": "dsada",
      "description": "dsad",
      "status": "da",
      "id": 114
    },
    {
      "subject": "dsada",
      "description": "dsad",
      "status": "da",
      "id": 115
    },
    {
      "subject": "dasdsa",
      "description": "uuuu",
      "status": "uuuuu",
      "id": 116
    },
    {
      "subject": "EEERR",
      "description": "rewqeqwe",
      "status": "qeqw",
      "id": 117
    },
    {
      "subject": "WWWW33",
      "description": "WWWW33",
      "status": "WWWW33",
      "id": 118
    },
    {
      "subject": "AQW1",
      "description": "AQW",
      "status": "New",
      "id": 119
    },
    {
      "subject": "WWW2323",
      "description": "wWW2323",
      "status": "WWW2323",
      "id": 120
    }
  ],
  "statuses": [
    "New",
    "Working",
    "Closed",
    "Rejected"
  ],
  "users": [
    {
      "id": 10,
      "name": "James Hansen"
    },
    {
      "id": 11,
      "name": "Louise Meyer"
    },
    {
      "id": 12,
      "name": "Todd Fields"
    },
    {
      "id": 13,
      "name": "Scott Link"
    },
    {
      "id": 14,
      "name": "Clyde Dorman"
    }
  ],
  "categories": [
    {
      "id": 50,
      "name": "General"
    },
    {
      "id": 51,
      "name": "Web"
    },
    {
      "id": 52,
      "name": "Database"
    },
    {
      "id": 53,
      "name": "API Server"
    },
    {
      "id": 54,
      "name": "Infrastructure"
    }
  ],
  "tasks-per-project": [
    {
      "project_id": 1,
      "project_name": "Project ONE",
      "new_tasks": 4,
      "working_tasks": 7,
      "closed_tasks": 19
    },
    {
      "project_id": 2,
      "project_name": "Project TWO",
      "new_tasks": 2,
      "working_tasks": 3,
      "closed_tasks": 6
    },
    {
      "project_id": 3,
      "project_name": "Project THREE",
      "new_tasks": 8,
      "working_tasks": 3,
      "closed_tasks": 24
    },
    {
      "project_id": 4,
      "project_name": "Project FOUR",
      "new_tasks": 6,
      "working_tasks": 6,
      "closed_tasks": 7
    },
    {
      "project_id": 5,
      "project_name": "Project FIVE",
      "new_tasks": 10,
      "working_tasks": 2,
      "closed_tasks": 14
    }
  ],
  "tasks-per-user": [
    {
      "id": 10,
      "name": "James Hansen",
      "new_tasks": 2,
      "working_tasks": 3,
      "closed_tasks": 5
    },
    {
      "id": 11,
      "name": "Louise Meyer",
      "new_tasks": 3,
      "working_tasks": 1,
      "closed_tasks": 7
    },
    {
      "id": 12,
      "name": "Todd Fields",
      "new_tasks": 1,
      "working_tasks": 4,
      "closed_tasks": 9
    },
    {
      "id": 13,
      "name": "Scott Link",
      "new_tasks": 6,
      "working_tasks": 3,
      "closed_tasks": 8
    },
    {
      "id": 14,
      "name": "Clyde Dorman",
      "new_tasks": 4,
      "working_tasks": 2,
      "closed_tasks": 4
    }
  ]
}